Model,Accuracy,Precision,Recall,F1-Score,ROC-AUC
Logistic Regression,0.6671719955898566,0.9565407294169033,0.664038811400849,0.7838926174496644,0.7616229762757962
Random Forest,0.9995865490628445,0.9995453856644946,1.0,0.9997726411519515,1.0
Gradient Boosting,1.0,1.0,1.0,1.0,1.0
